314145	green	#4AB944
287938	blue	#3761C6
249182	purple	#8E35AD
130998	pink	#E35BA9
75798	brown	#885A2C
69922	red	#CC262C
58119	light blue	#63B8DF
57123	teal	#39B39F
52193	orange	#E47A26
49757	light green	#76E06B
43720	magenta	#C82798
44068	yellow	#E3DD36
36125	grey	#90948F
34501	sky blue	#5AB5E2
32801	violet	#8F3CB5
31313	lime green	#70E331
29646	light purple	#B26CD0
26292	turquoise	#36C3B2
25794	lavender	#B17ED0
24735	cyan	#43D4D3
23976	tan	#CBAC67
23931	dark green	#29652A
23316	aqua	#3ECEBD
23439	dark blue	#212C7E
19356	forest green	#2E712E
19147	mauve	#A75E8E
18827	bright green	#41E333
18237	gray	#8F938F
17552	olive	#809335
16874	dark purple	#562064
16370	maroon	#832037
15702	lilac	#B37BD1
15060	royal blue	#272BB5
14541	salmon	#E6786E
14319	beige	#D3C085
14157	hot pink	#E8289B
14327	black	#242123
13596	navy blue	#1F2C6E
13448	pale green	#90DC86
13153	fuschia	#CF2CA6
12466	olive green	#769130
12441	light brown	#B1854A
12021	peach	#EEA577
11804	dark pink	#C83E7B
11601	sea green	#4AC98B
11585	lime	#82E43A
11131	periwinkle	#8380D8
10674	indigo	#5433AA
8810	rose	#D56281
8733	mustard	#CBB52A
8458	bright blue	#2872E2
8222	neon green	#4DED2E
8170	light pink	#ECA5C7
7774	aquamarine	#3AC7B1
7287	grass green	#4CB732
7253	burnt orange	#C9631E
7211	navy	#202D68
7049	pale blue	#8CBDDA
6999	bright purple	#AF29D2
6883	yellow-green	#A9DB33
6813	yellow green	#A2DB36
6617	dark red	#901B22
6583	mint green	#68E18C
6434	baby blue	#79C1E4
6265	gold	#CFB028
5948	plum	#752D65
5523	blue-green	#33AA8C
5463	royal purple	#651E8D
5398	seafoam green	#5FDC97
5106	blue green	#34A98B
5083	dark teal	#25726D
5045	kelly green	#2DB23A
4975	brick red	#A32D25
4911	khaki	#A2A054
4835	burgundy	#7F1E35
4619	chartreuse	#A0D635
4554	puke green	#92B332
4546	pea green	#89BB3B
4380	lavendar	#B281D1
4362	mint	#72E294
4229	spring green	#72DD53
4209	taupe	#AF9C73
4040	seafoam	#61DB9E
4016	bright pink	#EB30A8
3994	puce	#A88766
3970	pastel green	#80E187
3962	deep purple	#581B6D
3905	dark brown	#492A1B
3838	nigger	#7E8080
3709	light orange	#EEA049
3684	sand	#D3BB6B
3595	grey blue	#6A8DA4
3502	fuscia	#CD2EA4
3506	dark orange	#CC601C
3467	fuchsia	#D12DA8
3427	army green	#617B31
3352	light teal	#5FD2B4
3348	slate	#6B8087
3321	dark yellow	#C8B427
3267	cerulean	#307BC8
3265	goldenrod	#DCB829
3170	rust	#AC4925
3167	pale pink	#E9ACC1
3157	deep blue	#232C9B
3162	dark grey	#46494A
3008	ochre	#BD8B2E
3007	pale purple	#B181C5
2995	light red	#DF4E57
2981	mustard yellow	#D1BC28
2955	blue-grey	#6E8CA2
2929	slate blue	#567C9B
2878	sea foam green	#60DD98
2872	blue grey	#6E8CA0
2861	crimson	#AA1B2D
2810	hunter green	#2B652C
2788	pale yellow	#E8EA76
2765	pinkish purple	#CB46B8
2722	turqoise	#38C2B0
2697	fushia	#CF2BA6
2680	ugly	#9F9463
2672	sea blue	#338CB2
2663	puke	#A2AC35
2634	leaf green	#55B437
2578	sage	#86B270
2539	moss green	#679945
2504	robin's egg blue	#5CCAD9
2486	eggplant	#61295E
2474	steel blue	#5A819F
2465	light grey	#C3C9C3
2444	f	#83817F
2434	flesh	#E5AC8A
2424	grey-blue	#698AA2
2427	grey green	#789E74
2419	a	#7F8281
2427	white	#E1E3DA
2333	light yellow	#EAED76
2317	brick	#A94131
2292	blue-purple	#6039C6
2270	d	#7F8080
2260	coral	#E6645C
2260	red-orange	#DF4623
2244	medium blue	#336BC8
2196	greenish	#63BB65
2180	burnt sienna	#AE5623
2166	grey-green	#799D76
2168	cream	#ECE5A9
2153	reddish brown	#923D2A
2125	ocean blue	#2D77B3
2077	light violet	#B273D4
2061	dark magenta	#A0206E
2049	dusty rose	#C57582
2028	bluish purple	#663AC3
1988	blue gray	#6C8B9F
1970	cornflower blue	#597AD2
1964	yellowish green	#9CD236
1958	midnight blue	#20245D
1935	red orange	#DE4623
1926	purplish blue	#5C3AC8
1907	grape	#7A3286
1886	blue-gray	#6B899F
1885	greenish yellow	#C2DD36
1868	greyish blue	#668AA5
1862	azure	#3D94D1
1805	electric blue	#286AE1
1801	light olive	#A3BF57
1746	gray blue	#688CA3
1716		#827F81
1714	dark turquoise	#247D79
1703	pinkish red	#DA2F55
1701	blue purple	#5E38C4
1681	apple green	#68D43D
1661	bright red	#EC1E2A
1626	sea foam	#65DBA1
1603	powder blue	#84AFDD
1590	dull green	#67A65B
1587	green-yellow	#A2D633
1585	neon purple	#B629D9
1559	wine	#862045
1544	cobalt	#3652A9
1544	light turquoise	#60DFC4
1535	off white	#E4E8CC
1522	green-blue	#34B186
1503	dark cyan	#32999D
1488	olive drab	#748439
1459	dark gray	#494C4C
1442	skin	#E7B48E
1436	dark violet	#602774
1423	purple blue	#5F3BC6
1426	light gray	#C4CAC4
1420	pinkish	#DA6699
1404	burgandy	#812034
1396	dark lavender	#8F5AAE
1381	forrest green	#2F6F2F
1369	sage green	#81B36C
1366	greenish blue	#39AC98
1348	vomit	#A3A934
1333	bluish green	#34B380
1333	green blue	#33AD88
1324	penis	#808081
1315	s	#7D8182
1312	pale orange	#EB9E52
1308	aqua blue	#38BDC9
1309	pastel purple	#B281CF
1297	grass	#55B739
1292	moss	#6D9A4D
1281	deep pink	#CF2E7A
1272	pastel blue	#7BABD9
1266	dark tan	#AD8545
1261	gray green	#769B73
1253	blue violet	#6033C1
1252	terracotta	#C25F39
1215	gray-green	#789D76
1211	pink-purple	#CD49BA
1205	cornflower	#637ACF
1192	blood red	#A0181C
1190	purple-blue	#603BC5
1185	green yellow	#A2D833
1181	orchid	#B95BBF
1174	greyish green	#76A073
1163	aqua green	#3CCE8F
1161	sienna	#AC602A
1147	g	#7E807A
1146	scarlet	#C11E2B
1138	red-brown	#973D2A
1131	cobalt blue	#2F45B2
1128	pine green	#30783A
1126	raspberry	#B6275D
1120	dark olive	#546122
1112	orange-brown	#C27124
1106	baby pink	#F0A5C8
1106	rose pink	#DE6C90
1091	blue-violet	#6035C2
1091	neon pink	#ED27AF
1088	pumpkin	#DD7E23
1084	chocolate	#643A24
1077	charcoal	#3F4341
1074	salmon pink	#E97979
1068	grayish blue	#6789A4
1059	red brown	#943B29
1057	greenish brown	#7C792B
1055	greyish purple	#896E8F
1051	brownish green	#7C882F
1043	tangerine	#EC8832
1039	gray-blue	#698BA3
1028	blueish purple	#6139C3
1023	orange brown	#C16F25
1019	sky	#63B3DE
1005	dirty yellow	#CAC435
